__v,_id,createdAt,description,featureImageUri,published,title,updatedAt,userId
0,62094b104225714c54bf2782,2022-02-13T18:16:48.322Z,Blog description,https://images.unsplash.com/photo-1644754212200-99419c15235b?ixlib=rb-1.2.1&ixid=MnwxMjA3fDB8MHxwaG90by1wYWdlfHx8fGVufDB8fHx8&auto=format&fit=crop&w=1932&q=80,true,blog 1,2022-02-13T18:16:48.322Z,6207cc9ecad1500004ecba33
0,62094b164225714c54bf2786,2022-02-13T18:16:54.264Z,Blog description,https://images.unsplash.com/photo-1644754212200-99419c15235b?ixlib=rb-1.2.1&ixid=MnwxMjA3fDB8MHxwaG90by1wYWdlfHx8fGVufDB8fHx8&auto=format&fit=crop&w=1932&q=80,false,blog 2,2022-02-13T18:16:54.264Z,6207cc9ecad1500004ecba33
0,62094b1c4225714c54bf278a,2022-02-13T18:17:00.242Z,Blog description,https://images.unsplash.com/photo-1644754212200-99419c15235b?ixlib=rb-1.2.1&ixid=MnwxMjA3fDB8MHxwaG90by1wYWdlfHx8fGVufDB8fHx8&auto=format&fit=crop&w=1932&q=80,true,blog 3,2022-02-13T18:17:00.242Z,6207cc9ecad1500004ecba33
0,62094b224225714c54bf278e,2022-02-13T18:17:06.185Z,Blog description,https://images.unsplash.com/photo-1644754212200-99419c15235b?ixlib=rb-1.2.1&ixid=MnwxMjA3fDB8MHxwaG90by1wYWdlfHx8fGVufDB8fHx8&auto=format&fit=crop&w=1932&q=80,false,blog 4,2022-02-13T18:17:06.185Z,6207cc9ecad1500004ecba33
0,62094b274225714c54bf2792,2022-02-13T18:17:11.093Z,Blog description,https://images.unsplash.com/photo-1644754212200-99419c15235b?ixlib=rb-1.2.1&ixid=MnwxMjA3fDB8MHxwaG90by1wYWdlfHx8fGVufDB8fHx8&auto=format&fit=crop&w=1932&q=80,false,blog 5,2022-02-13T18:17:11.093Z,6207cc9ecad1500004ecba33
0,62094b2d4225714c54bf2796,2022-02-13T18:17:17.513Z,Blog description,https://images.unsplash.com/photo-1644754212200-99419c15235b?ixlib=rb-1.2.1&ixid=MnwxMjA3fDB8MHxwaG90by1wYWdlfHx8fGVufDB8fHx8&auto=format&fit=crop&w=1932&q=80,false,blog 6,2022-02-13T18:17:17.513Z,6207cc9ecad1500004ecba33
0,62094b354225714c54bf279a,2022-02-13T18:17:25.780Z,Blog description,https://images.unsplash.com/photo-1644754212200-99419c15235b?ixlib=rb-1.2.1&ixid=MnwxMjA3fDB8MHxwaG90by1wYWdlfHx8fGVufDB8fHx8&auto=format&fit=crop&w=1932&q=80,false,blog 7,2022-02-13T18:17:25.780Z,6207cc9ecad1500004ecba33
0,62094b3b4225714c54bf279e,2022-02-13T18:17:31.362Z,Blog description,https://images.unsplash.com/photo-1644754212200-99419c15235b?ixlib=rb-1.2.1&ixid=MnwxMjA3fDB8MHxwaG90by1wYWdlfHx8fGVufDB8fHx8&auto=format&fit=crop&w=1932&q=80,true,blog 8,2022-02-13T18:17:31.362Z,6207cc9ecad1500004ecba33
0,62094b404225714c54bf27a2,2022-02-13T18:17:36.225Z,Blog description,https://images.unsplash.com/photo-1644754212200-99419c15235b?ixlib=rb-1.2.1&ixid=MnwxMjA3fDB8MHxwaG90by1wYWdlfHx8fGVufDB8fHx8&auto=format&fit=crop&w=1932&q=80,false,blog 9,2022-02-13T18:17:36.225Z,6207cc9ecad1500004ecba33
0,62094b474225714c54bf27a6,2022-02-13T18:17:43.192Z,Blog description,https://images.unsplash.com/photo-1644754212200-99419c15235b?ixlib=rb-1.2.1&ixid=MnwxMjA3fDB8MHxwaG90by1wYWdlfHx8fGVufDB8fHx8&auto=format&fit=crop&w=1932&q=80,false,blog 10,2022-02-13T18:17:43.192Z,6207cc9ecad1500004ecba33
0,62094b514225714c54bf27aa,2022-02-13T18:17:53.479Z,Blog description,https://images.unsplash.com/photo-1644754212200-99419c15235b?ixlib=rb-1.2.1&ixid=MnwxMjA3fDB8MHxwaG90by1wYWdlfHx8fGVufDB8fHx8&auto=format&fit=crop&w=1932&q=80,false,blog 11,2022-02-13T18:17:53.479Z,6207cc9ecad1500004ecba33